alarm_id,fault_code,system,description,category,unit,shift,operator,triggered_at,acknowledged_at,cleared_at,duration_min,status,notes
1001,F-004,Furnace BMS,Combustion air fan trip (overload or phase loss),Shutdown,AIM-10000-U3,Day,R. Venkat,2024-06-01 06:47:17,2024-06-01 06:51:17,,,ACKNOWLEDGED,
1002,F-051,Homo. Furnace,Homogenisation furnace over-temperature (>600 °C),Safety Trip,AIM-5000-U1,Day,M. Selvam,2024-06-01 08:37:27,,,,ACTIVE,
1006,F-030,Decoating,Afterburner temperature high trip (>900 °C),Safety Trip,AIM-5000-U1,Afternoon,S. Nair,2024-06-01 09:22:54,2024-06-01 09:28:54,,,ACKNOWLEDGED,
1007,F-051,Homo. Furnace,Homogenisation furnace over-temperature (>600 °C),Safety Trip,AIM-7500-U2,Afternoon,T. Krishnan,2024-06-01 09:59:24,,,,ACTIVE,
1010,F-023,Casting,Mould lubrication oil flow low,Alarm,AIM-5000-U1,Afternoon,R. Venkat,2024-06-01 12:42:17,2024-06-01 12:54:17,2024-06-01 13:40:17,58,CLEARED,
1016,F-023,Casting,Mould lubrication oil flow low,Alarm,AIM-5000-U1,Day,R. Venkat,2024-06-01 13:08:32,2024-06-01 13:22:32,2024-06-01 13:30:32,22,CLEARED,
1012,F-051,Homo. Furnace,Homogenisation furnace over-temperature (>600 °C),Safety Trip,AIM-5000-U1,Day,P. Arumugam,2024-06-01 13:43:20,2024-06-01 13:57:20,2024-06-01 14:05:20,22,CLEARED,
1009,F-003,Furnace BMS,Flame scanner signal loss,Alarm,AIM-7500-U2,Day,P. Arumugam,2024-06-01 13:55:06,2024-06-01 14:04:06,2024-06-01 14:49:06,54,CLEARED,
1013,F-030,Decoating,Afterburner temperature high trip (>900 °C),Safety Trip,AIM-10000-U3,Afternoon,P. Arumugam,2024-06-01 14:04:13,,,,INHIBITED,
1005,F-022,Casting,Metal level sensor fault (no signal),Alarm,AIM-7500-U2,Day,K. Rajan,2024-06-01 14:09:13,,,,INHIBITED,
1018,F-050,Homo. Furnace,Walking beam drive fault,Alarm,AIM-10000-U3,Afternoon,K. Rajan,2024-06-01 14:35:55,,,,INHIBITED,
1004,F-012,ILD Control,ILD metal temperature high (>740 °C),Alarm,AIM-5000-U1,Afternoon,S. Nair,2024-06-01 20:37:17,2024-06-01 20:39:17,2024-06-01 21:32:17,55,CLEARED,
1011,F-010,ILD Control,ILD rotor drive inverter fault,Alarm,AIM-7500-U2,Afternoon,R. Venkat,2024-06-01 23:46:15,2024-06-01 23:54:15,,,ACKNOWLEDGED,
1008,F-023,Casting,Mould lubrication oil flow low,Alarm,AIM-10000-U3,Day,P. Arumugam,2024-06-02 00:12:45,,,,ACTIVE,
1003,F-050,Homo. Furnace,Walking beam drive fault,Alarm,AIM-10000-U3,Afternoon,S. Nair,2024-06-02 01:01:35,2024-06-02 01:13:35,,,ACKNOWLEDGED,
1014,F-011,ILD Control,N2 gas flow low (<6 Nl/min),Alarm,AIM-5000-U1,Night,M. Selvam,2024-06-02 02:31:25,2024-06-02 02:43:25,2024-06-02 03:17:25,46,CLEARED,
1017,F-010,ILD Control,ILD rotor drive inverter fault,Alarm,AIM-7500-U2,Afternoon,S. Nair,2024-06-02 03:27:38,,,,ACTIVE,
1015,F-012,ILD Control,ILD metal temperature high (>740 °C),Alarm,AIM-7500-U2,Afternoon,S. Nair,2024-06-02 05:35:34,2024-06-02 05:46:34,,,ACKNOWLEDGED,
1034,F-004,Furnace BMS,Combustion air fan trip (overload or phase loss),Shutdown,AIM-5000-U1,Day,S. Nair,2024-06-02 07:41:34,2024-06-02 07:44:34,2024-06-02 08:37:34,56,CLEARED,
1033,F-040,General,Emergency stop activated (E-stop pressed),Safety Trip,AIM-5000-U1,Night,T. Krishnan,2024-06-02 10:27:11,2024-06-02 10:32:11,,,ACKNOWLEDGED,
1028,F-002,Furnace BMS,Zone 1/2/3 over-temperature trip,Safety Trip,AIM-7500-U2,Day,T. Krishnan,2024-06-02 13:04:57,,,,ACTIVE,
1030,F-041,General,Fume extraction fan fault,Alarm / Work Stop,AIM-5000-U1,Afternoon,S. Nair,2024-06-02 13:50:30,2024-06-02 13:55:30,2024-06-02 14:06:30,16,CLEARED,
1023,F-002,Furnace BMS,Zone 1/2/3 over-temperature trip,Safety Trip,AIM-5000-U1,Afternoon,S. Nair,2024-06-02 13:56:36,,,,INHIBITED,
1029,F-012,ILD Control,ILD metal temperature high (>740 °C),Alarm,AIM-10000-U3,Afternoon,T. Krishnan,2024-06-02 14:42:31,2024-06-02 14:46:31,,,ACKNOWLEDGED,
1019,F-051,Homo. Furnace,Homogenisation furnace over-temperature (>600 °C),Safety Trip,AIM-7500-U2,Day,S. Nair,2024-06-02 14:49:41,2024-06-02 14:55:41,,,ACKNOWLEDGED,
1027,F-003,Furnace BMS,Flame scanner signal loss,Alarm,AIM-5000-U1,Day,R. Venkat,2024-06-02 16:01:37,2024-06-02 16:12:37,2024-06-02 16:31:37,30,CLEARED,
1026,F-021,Casting,Cooling water flow low (<80% setpoint),Safety Trip,AIM-5000-U1,Day,M. Selvam,2024-06-02 18:42:41,2024-06-02 18:52:41,2024-06-02 19:25:41,43,CLEARED,
1032,F-002,Furnace BMS,Zone 1/2/3 over-temperature trip,Safety Trip,AIM-5000-U1,Day,T. Krishnan,2024-06-02 18:46:21,2024-06-02 18:49:21,2024-06-02 19:09:21,23,CLEARED,
1031,F-023,Casting,Mould lubrication oil flow low,Alarm,AIM-10000-U3,Afternoon,K. Rajan,2024-06-02 19:26:29,2024-06-02 19:28:29,2024-06-02 20:16:29,50,CLEARED,
1036,F-020,Casting,Casting table drive fault (hydraulic pressure low),Shutdown,AIM-10000-U3,Afternoon,R. Venkat,2024-06-02 20:18:27,2024-06-02 20:31:27,2024-06-02 21:26:27,68,CLEARED,
1035,F-041,General,Fume extraction fan fault,Alarm / Work Stop,AIM-7500-U2,Day,S. Nair,2024-06-02 21:13:55,2024-06-02 21:15:55,2024-06-02 21:30:55,17,CLEARED,
1025,F-020,Casting,Casting table drive fault (hydraulic pressure low),Shutdown,AIM-10000-U3,Afternoon,M. Selvam,2024-06-02 22:55:38,2024-06-02 23:00:38,2024-06-02 23:39:38,44,CLEARED,
1024,F-003,Furnace BMS,Flame scanner signal loss,Alarm,AIM-7500-U2,Afternoon,M. Selvam,2024-06-02 23:49:08,,,,ACTIVE,
1022,F-001,Furnace BMS,Burner 1/2/3 ignition failure after 3 attempts,Alarm / Shutdown,AIM-7500-U2,Night,M. Selvam,2024-06-03 01:20:31,,,,ACTIVE,
1021,F-021,Casting,Cooling water flow low (<80% setpoint),Safety Trip,AIM-5000-U1,Afternoon,T. Krishnan,2024-06-03 02:32:38,2024-06-03 02:39:38,,,ACKNOWLEDGED,
1020,F-001,Furnace BMS,Burner 1/2/3 ignition failure after 3 attempts,Alarm / Shutdown,AIM-5000-U1,Afternoon,K. Rajan,2024-06-03 05:56:46,2024-06-03 06:06:46,,,ACKNOWLEDGED,
1039,F-010,ILD Control,ILD rotor drive inverter fault,Alarm,AIM-5000-U1,Afternoon,M. Selvam,2024-06-03 07:32:05,2024-06-03 07:35:05,2024-06-03 08:18:05,46,CLEARED,
1048,F-002,Furnace BMS,Zone 1/2/3 over-temperature trip,Safety Trip,AIM-7500-U2,Day,R. Venkat,2024-06-03 08:40:27,2024-06-03 08:42:27,2024-06-03 08:47:27,7,CLEARED,
1040,F-030,Decoating,Afterburner temperature high trip (>900 °C),Safety Trip,AIM-5000-U1,Afternoon,K. Rajan,2024-06-03 09:56:36,2024-06-03 10:07:36,,,ACKNOWLEDGED,
1046,F-004,Furnace BMS,Combustion air fan trip (overload or phase loss),Shutdown,AIM-5000-U1,Night,P. Arumugam,2024-06-03 10:16:07,2024-06-03 10:29:07,2024-06-03 11:09:07,53,CLEARED,
1049,F-020,Casting,Casting table drive fault (hydraulic pressure low),Shutdown,AIM-5000-U1,Day,K. Rajan,2024-06-03 11:47:28,2024-06-03 11:55:28,2024-06-03 12:35:28,48,CLEARED,
1037,F-005,Furnace BMS,Gas pressure low (<80 mbar),Alarm / Shutdown,AIM-10000-U3,Afternoon,T. Krishnan,2024-06-03 12:18:13,,,,INHIBITED,
1042,F-012,ILD Control,ILD metal temperature high (>740 °C),Alarm,AIM-7500-U2,Day,K. Rajan,2024-06-03 14:25:08,2024-06-03 14:31:08,2024-06-03 15:05:08,40,CLEARED,
1044,F-005,Furnace BMS,Gas pressure low (<80 mbar),Alarm / Shutdown,AIM-5000-U1,Night,T. Krishnan,2024-06-03 17:56:04,2024-06-03 18:03:04,2024-06-03 18:26:04,30,CLEARED,
1051,F-021,Casting,Cooling water flow low (<80% setpoint),Safety Trip,AIM-7500-U2,Day,R. Venkat,2024-06-03 17:57:59,2024-06-03 18:12:59,2024-06-03 18:19:59,22,CLEARED,
1050,F-005,Furnace BMS,Gas pressure low (<80 mbar),Alarm / Shutdown,AIM-7500-U2,Day,K. Rajan,2024-06-03 23:02:53,2024-06-03 23:12:53,2024-06-03 23:26:53,24,CLEARED,
1043,F-040,General,Emergency stop activated (E-stop pressed),Safety Trip,AIM-5000-U1,Afternoon,P. Arumugam,2024-06-04 01:36:06,,,,ACTIVE,
1045,F-021,Casting,Cooling water flow low (<80% setpoint),Safety Trip,AIM-10000-U3,Night,R. Venkat,2024-06-04 01:51:41,2024-06-04 02:03:41,2024-06-04 03:00:41,69,CLEARED,
1041,F-031,Decoating,Drum drive overload trip,Alarm,AIM-10000-U3,Afternoon,P. Arumugam,2024-06-04 03:37:36,2024-06-04 03:43:36,2024-06-04 04:01:36,24,CLEARED,
1047,F-011,ILD Control,N2 gas flow low (<6 Nl/min),Alarm,AIM-10000-U3,Night,P. Arumugam,2024-06-04 04:21:13,2024-06-04 04:36:13,2024-06-04 04:57:13,36,CLEARED,
1038,F-002,Furnace BMS,Zone 1/2/3 over-temperature trip,Safety Trip,AIM-7500-U2,Afternoon,T. Krishnan,2024-06-04 05:20:03,,,,ACTIVE,
1058,F-020,Casting,Casting table drive fault (hydraulic pressure low),Shutdown,AIM-7500-U2,Night,T. Krishnan,2024-06-04 07:06:38,2024-06-04 07:19:38,2024-06-04 08:14:38,68,CLEARED,
1059,F-050,Homo. Furnace,Walking beam drive fault,Alarm,AIM-10000-U3,Night,K. Rajan,2024-06-04 09:24:57,2024-06-04 09:30:57,2024-06-04 09:37:57,13,CLEARED,
1053,F-010,ILD Control,ILD rotor drive inverter fault,Alarm,AIM-10000-U3,Night,S. Nair,2024-06-04 11:56:26,,,,ACTIVE,
1054,F-012,ILD Control,ILD metal temperature high (>740 °C),Alarm,AIM-5000-U1,Night,M. Selvam,2024-06-04 14:10:50,2024-06-04 14:18:50,2024-06-04 15:18:50,68,CLEARED,
1052,F-004,Furnace BMS,Combustion air fan trip (overload or phase loss),Shutdown,AIM-10000-U3,Day,M. Selvam,2024-06-04 17:49:35,2024-06-04 17:57:35,2024-06-04 18:41:35,52,CLEARED,
1056,F-011,ILD Control,N2 gas flow low (<6 Nl/min),Alarm,AIM-7500-U2,Afternoon,T. Krishnan,2024-06-04 18:21:17,2024-06-04 18:35:17,2024-06-04 18:57:17,36,CLEARED,
1061,F-023,Casting,Mould lubrication oil flow low,Alarm,AIM-10000-U3,Night,R. Venkat,2024-06-04 19:04:42,,,,INHIBITED,
1055,F-011,ILD Control,N2 gas flow low (<6 Nl/min),Alarm,AIM-5000-U1,Day,R. Venkat,2024-06-04 20:22:19,2024-06-04 20:37:19,2024-06-04 20:56:19,34,CLEARED,
1060,F-050,Homo. Furnace,Walking beam drive fault,Alarm,AIM-10000-U3,Afternoon,M. Selvam,2024-06-04 23:43:46,,,,INHIBITED,
1057,F-030,Decoating,Afterburner temperature high trip (>900 °C),Safety Trip,AIM-5000-U1,Night,M. Selvam,2024-06-05 03:53:34,2024-06-05 03:55:34,,,ACKNOWLEDGED,
1062,F-004,Furnace BMS,Combustion air fan trip (overload or phase loss),Shutdown,AIM-7500-U2,Night,R. Venkat,2024-06-05 05:57:19,2024-06-05 06:09:19,2024-06-05 06:40:19,43,CLEARED,
1063,F-051,Homo. Furnace,Homogenisation furnace over-temperature (>600 °C),Safety Trip,AIM-10000-U3,Day,T. Krishnan,2024-06-05 10:12:26,2024-06-05 10:20:26,2024-06-05 11:08:26,56,CLEARED,
1069,F-012,ILD Control,ILD metal temperature high (>740 °C),Alarm,AIM-5000-U1,Night,M. Selvam,2024-06-05 10:41:44,,,,ACTIVE,
1067,F-012,ILD Control,ILD metal temperature high (>740 °C),Alarm,AIM-7500-U2,Afternoon,K. Rajan,2024-06-05 12:09:01,,,,ACTIVE,
1066,F-003,Furnace BMS,Flame scanner signal loss,Alarm,AIM-5000-U1,Afternoon,P. Arumugam,2024-06-05 15:32:42,2024-06-05 15:39:42,2024-06-05 15:49:42,17,CLEARED,
1064,F-021,Casting,Cooling water flow low (<80% setpoint),Safety Trip,AIM-7500-U2,Day,S. Nair,2024-06-05 18:35:53,,,,ACTIVE,
1072,F-050,Homo. Furnace,Walking beam drive fault,Alarm,AIM-7500-U2,Night,P. Arumugam,2024-06-05 19:53:58,2024-06-05 19:57:58,2024-06-05 20:49:58,56,CLEARED,
1068,F-040,General,Emergency stop activated (E-stop pressed),Safety Trip,AIM-7500-U2,Night,S. Nair,2024-06-05 19:56:40,2024-06-05 20:09:40,2024-06-05 20:58:40,62,CLEARED,
1065,F-022,Casting,Metal level sensor fault (no signal),Alarm,AIM-10000-U3,Day,R. Venkat,2024-06-05 20:28:28,2024-06-05 20:38:28,2024-06-05 21:13:28,45,CLEARED,
1071,F-005,Furnace BMS,Gas pressure low (<80 mbar),Alarm / Shutdown,AIM-10000-U3,Night,S. Nair,2024-06-05 20:42:33,,,,INHIBITED,
1073,F-012,ILD Control,ILD metal temperature high (>740 °C),Alarm,AIM-5000-U1,Night,S. Nair,2024-06-06 02:17:49,2024-06-06 02:26:49,2024-06-06 03:11:49,54,CLEARED,
1074,F-003,Furnace BMS,Flame scanner signal loss,Alarm,AIM-10000-U3,Day,M. Selvam,2024-06-06 04:18:15,2024-06-06 04:25:15,,,ACKNOWLEDGED,
1070,F-010,ILD Control,ILD rotor drive inverter fault,Alarm,AIM-5000-U1,Day,S. Nair,2024-06-06 04:33:29,,,,ACTIVE,
1083,F-041,General,Fume extraction fan fault,Alarm / Work Stop,AIM-7500-U2,Day,R. Venkat,2024-06-06 06:47:34,,,,ACTIVE,
1080,F-051,Homo. Furnace,Homogenisation furnace over-temperature (>600 °C),Safety Trip,AIM-5000-U1,Afternoon,S. Nair,2024-06-06 06:58:25,2024-06-06 07:10:25,2024-06-06 07:16:25,18,CLEARED,
1082,F-022,Casting,Metal level sensor fault (no signal),Alarm,AIM-7500-U2,Night,K. Rajan,2024-06-06 18:17:48,,,,INHIBITED,
1075,F-012,ILD Control,ILD metal temperature high (>740 °C),Alarm,AIM-7500-U2,Night,T. Krishnan,2024-06-06 18:44:09,2024-06-06 18:47:09,2024-06-06 19:18:09,34,CLEARED,
1076,F-040,General,Emergency stop activated (E-stop pressed),Safety Trip,AIM-10000-U3,Afternoon,K. Rajan,2024-06-06 19:03:13,2024-06-06 19:11:13,2024-06-06 20:05:13,62,CLEARED,
1081,F-005,Furnace BMS,Gas pressure low (<80 mbar),Alarm / Shutdown,AIM-5000-U1,Night,P. Arumugam,2024-06-06 20:11:03,2024-06-06 20:18:03,,,ACKNOWLEDGED,
1077,F-030,Decoating,Afterburner temperature high trip (>900 °C),Safety Trip,AIM-7500-U2,Afternoon,R. Venkat,2024-06-06 21:00:22,2024-06-06 21:08:22,,,ACKNOWLEDGED,
1078,F-051,Homo. Furnace,Homogenisation furnace over-temperature (>600 °C),Safety Trip,AIM-7500-U2,Day,S. Nair,2024-06-07 01:57:14,2024-06-07 02:03:14,2024-06-07 02:35:14,38,CLEARED,
1084,F-003,Furnace BMS,Flame scanner signal loss,Alarm,AIM-5000-U1,Day,K. Rajan,2024-06-07 02:02:48,,,,ACTIVE,
1079,F-022,Casting,Metal level sensor fault (no signal),Alarm,AIM-7500-U2,Day,T. Krishnan,2024-06-07 03:43:51,2024-06-07 03:47:51,2024-06-07 04:45:51,62,CLEARED,
1098,F-040,General,Emergency stop activated (E-stop pressed),Safety Trip,AIM-5000-U1,Night,R. Venkat,2024-06-07 06:05:18,2024-06-07 06:18:18,,,ACKNOWLEDGED,
1087,F-021,Casting,Cooling water flow low (<80% setpoint),Safety Trip,AIM-10000-U3,Afternoon,S. Nair,2024-06-07 09:37:01,,,,INHIBITED,
1095,F-022,Casting,Metal level sensor fault (no signal),Alarm,AIM-7500-U2,Afternoon,R. Venkat,2024-06-07 11:31:13,2024-06-07 11:37:13,2024-06-07 12:03:13,32,CLEARED,
1086,F-023,Casting,Mould lubrication oil flow low,Alarm,AIM-10000-U3,Day,M. Selvam,2024-06-07 11:38:38,,,,INHIBITED,
1085,F-005,Furnace BMS,Gas pressure low (<80 mbar),Alarm / Shutdown,AIM-7500-U2,Afternoon,P. Arumugam,2024-06-07 13:08:30,2024-06-07 13:19:30,2024-06-07 13:37:30,29,CLEARED,
1094,F-040,General,Emergency stop activated (E-stop pressed),Safety Trip,AIM-7500-U2,Day,S. Nair,2024-06-07 13:48:29,2024-06-07 14:00:29,2024-06-07 14:29:29,41,CLEARED,
1100,F-040,General,Emergency stop activated (E-stop pressed),Safety Trip,AIM-5000-U1,Night,K. Rajan,2024-06-07 14:19:16,2024-06-07 14:32:16,,,ACKNOWLEDGED,
1092,F-005,Furnace BMS,Gas pressure low (<80 mbar),Alarm / Shutdown,AIM-10000-U3,Afternoon,S. Nair,2024-06-07 19:11:46,2024-06-07 19:23:46,2024-06-07 19:45:46,34,CLEARED,
1090,F-051,Homo. Furnace,Homogenisation furnace over-temperature (>600 °C),Safety Trip,AIM-10000-U3,Night,K. Rajan,2024-06-07 19:42:23,,,,ACTIVE,
1093,F-040,General,Emergency stop activated (E-stop pressed),Safety Trip,AIM-5000-U1,Day,P. Arumugam,2024-06-07 19:52:46,2024-06-07 19:59:46,2024-06-07 20:58:46,66,CLEARED,
1091,F-031,Decoating,Drum drive overload trip,Alarm,AIM-10000-U3,Night,R. Venkat,2024-06-07 21:06:27,,,,INHIBITED,
1099,F-023,Casting,Mould lubrication oil flow low,Alarm,AIM-10000-U3,Night,P. Arumugam,2024-06-07 21:35:33,2024-06-07 21:48:33,,,ACKNOWLEDGED,
1097,F-031,Decoating,Drum drive overload trip,Alarm,AIM-10000-U3,Afternoon,S. Nair,2024-06-07 21:35:48,2024-06-07 21:44:48,,,ACKNOWLEDGED,
1096,F-020,Casting,Casting table drive fault (hydraulic pressure low),Shutdown,AIM-5000-U1,Day,R. Venkat,2024-06-07 23:00:33,,,,INHIBITED,
1089,F-021,Casting,Cooling water flow low (<80% setpoint),Safety Trip,AIM-10000-U3,Day,P. Arumugam,2024-06-08 03:38:51,,,,ACTIVE,
1101,F-051,Homo. Furnace,Homogenisation furnace over-temperature (>600 °C),Safety Trip,AIM-7500-U2,Afternoon,T. Krishnan,2024-06-08 04:11:12,2024-06-08 04:20:12,,,ACKNOWLEDGED,
1088,F-030,Decoating,Afterburner temperature high trip (>900 °C),Safety Trip,AIM-5000-U1,Day,R. Venkat,2024-06-08 04:12:04,2024-06-08 04:27:04,2024-06-08 05:12:04,60,CLEARED,
1107,F-021,Casting,Cooling water flow low (<80% setpoint),Safety Trip,AIM-10000-U3,Afternoon,M. Selvam,2024-06-08 08:15:07,2024-06-08 08:23:07,2024-06-08 09:06:07,51,CLEARED,
1112,F-040,General,Emergency stop activated (E-stop pressed),Safety Trip,AIM-10000-U3,Afternoon,R. Venkat,2024-06-08 08:43:14,,,,INHIBITED,
1102,F-021,Casting,Cooling water flow low (<80% setpoint),Safety Trip,AIM-5000-U1,Night,K. Rajan,2024-06-08 09:53:12,2024-06-08 10:00:12,,,ACKNOWLEDGED,
1103,F-051,Homo. Furnace,Homogenisation furnace over-temperature (>600 °C),Safety Trip,AIM-10000-U3,Night,R. Venkat,2024-06-08 10:17:02,,,,INHIBITED,
1114,F-002,Furnace BMS,Zone 1/2/3 over-temperature trip,Safety Trip,AIM-7500-U2,Night,K. Rajan,2024-06-08 11:50:19,2024-06-08 12:05:19,2024-06-08 12:46:19,56,CLEARED,
1108,F-050,Homo. Furnace,Walking beam drive fault,Alarm,AIM-7500-U2,Night,T. Krishnan,2024-06-08 18:28:58,2024-06-08 18:43:58,2024-06-08 19:25:58,57,CLEARED,
1106,F-003,Furnace BMS,Flame scanner signal loss,Alarm,AIM-5000-U1,Day,T. Krishnan,2024-06-08 18:31:04,2024-06-08 18:43:04,2024-06-08 18:51:04,20,CLEARED,
1113,F-011,ILD Control,N2 gas flow low (<6 Nl/min),Alarm,AIM-7500-U2,Day,K. Rajan,2024-06-08 19:07:34,2024-06-08 19:11:34,,,ACKNOWLEDGED,
1105,F-041,General,Fume extraction fan fault,Alarm / Work Stop,AIM-7500-U2,Night,K. Rajan,2024-06-08 20:21:11,,,,INHIBITED,
1111,F-031,Decoating,Drum drive overload trip,Alarm,AIM-7500-U2,Afternoon,P. Arumugam,2024-06-08 20:44:38,2024-06-08 20:46:38,2024-06-08 21:05:38,21,CLEARED,
1116,F-003,Furnace BMS,Flame scanner signal loss,Alarm,AIM-7500-U2,Day,K. Rajan,2024-06-09 01:02:56,2024-06-09 01:09:56,2024-06-09 01:52:56,50,CLEARED,
1109,F-002,Furnace BMS,Zone 1/2/3 over-temperature trip,Safety Trip,AIM-5000-U1,Afternoon,M. Selvam,2024-06-09 01:47:06,,,,INHIBITED,
1104,F-005,Furnace BMS,Gas pressure low (<80 mbar),Alarm / Shutdown,AIM-10000-U3,Night,S. Nair,2024-06-09 02:55:48,2024-06-09 03:10:48,2024-06-09 03:15:48,20,CLEARED,
1110,F-020,Casting,Casting table drive fault (hydraulic pressure low),Shutdown,AIM-5000-U1,Day,K. Rajan,2024-06-09 03:05:10,2024-06-09 03:15:10,,,ACKNOWLEDGED,
1117,F-012,ILD Control,ILD metal temperature high (>740 °C),Alarm,AIM-10000-U3,Night,T. Krishnan,2024-06-09 03:53:55,2024-06-09 03:55:55,2024-06-09 04:48:55,55,CLEARED,
1115,F-040,General,Emergency stop activated (E-stop pressed),Safety Trip,AIM-10000-U3,Night,S. Nair,2024-06-09 04:19:44,2024-06-09 04:25:44,2024-06-09 05:02:44,43,CLEARED,
1123,F-040,General,Emergency stop activated (E-stop pressed),Safety Trip,AIM-10000-U3,Night,K. Rajan,2024-06-09 07:13:17,2024-06-09 07:19:17,2024-06-09 07:52:17,39,CLEARED,
1119,F-041,General,Fume extraction fan fault,Alarm / Work Stop,AIM-5000-U1,Day,P. Arumugam,2024-06-09 08:30:22,2024-06-09 08:37:22,2024-06-09 09:24:22,54,CLEARED,
1121,F-003,Furnace BMS,Flame scanner signal loss,Alarm,AIM-7500-U2,Afternoon,K. Rajan,2024-06-09 16:16:20,,,,ACTIVE,
1125,F-051,Homo. Furnace,Homogenisation furnace over-temperature (>600 °C),Safety Trip,AIM-5000-U1,Night,K. Rajan,2024-06-09 19:05:14,,,,INHIBITED,
1122,F-051,Homo. Furnace,Homogenisation furnace over-temperature (>600 °C),Safety Trip,AIM-10000-U3,Night,R. Venkat,2024-06-09 20:26:03,2024-06-09 20:33:03,,,ACKNOWLEDGED,
1118,F-010,ILD Control,ILD rotor drive inverter fault,Alarm,AIM-10000-U3,Night,R. Venkat,2024-06-09 21:33:41,2024-06-09 21:39:41,2024-06-09 21:55:41,22,CLEARED,
1124,F-001,Furnace BMS,Burner 1/2/3 ignition failure after 3 attempts,Alarm / Shutdown,AIM-7500-U2,Afternoon,K. Rajan,2024-06-10 02:38:51,2024-06-10 02:42:51,,,ACKNOWLEDGED,
1120,F-031,Decoating,Drum drive overload trip,Alarm,AIM-10000-U3,Day,S. Nair,2024-06-10 04:31:18,2024-06-10 04:39:18,2024-06-10 05:36:18,65,CLEARED,
1138,F-021,Casting,Cooling water flow low (<80% setpoint),Safety Trip,AIM-7500-U2,Night,M. Selvam,2024-06-10 06:02:20,2024-06-10 06:08:20,2024-06-10 06:35:20,33,CLEARED,
1136,F-051,Homo. Furnace,Homogenisation furnace over-temperature (>600 °C),Safety Trip,AIM-7500-U2,Day,R. Venkat,2024-06-10 07:39:04,2024-06-10 07:51:04,,,ACKNOWLEDGED,
1128,F-005,Furnace BMS,Gas pressure low (<80 mbar),Alarm / Shutdown,AIM-10000-U3,Night,K. Rajan,2024-06-10 08:17:49,2024-06-10 08:25:49,2024-06-10 08:51:49,34,CLEARED,
1133,F-022,Casting,Metal level sensor fault (no signal),Alarm,AIM-5000-U1,Afternoon,M. Selvam,2024-06-10 09:55:54,2024-06-10 10:05:54,2024-06-10 10:39:54,44,CLEARED,
1142,F-051,Homo. Furnace,Homogenisation furnace over-temperature (>600 °C),Safety Trip,AIM-10000-U3,Night,R. Venkat,2024-06-10 11:04:28,,,,INHIBITED,
1127,F-041,General,Fume extraction fan fault,Alarm / Work Stop,AIM-5000-U1,Afternoon,T. Krishnan,2024-06-10 13:29:35,,,,ACTIVE,
1135,F-003,Furnace BMS,Flame scanner signal loss,Alarm,AIM-10000-U3,Afternoon,S. Nair,2024-06-10 16:54:43,2024-06-10 17:02:43,2024-06-10 17:27:43,33,CLEARED,
1130,F-041,General,Fume extraction fan fault,Alarm / Work Stop,AIM-7500-U2,Day,R. Venkat,2024-06-10 17:21:35,2024-06-10 17:29:35,2024-06-10 18:03:35,42,CLEARED,
1132,F-030,Decoating,Afterburner temperature high trip (>900 °C),Safety Trip,AIM-5000-U1,Day,T. Krishnan,2024-06-10 18:42:50,2024-06-10 18:46:50,2024-06-10 19:22:50,40,CLEARED,
1137,F-003,Furnace BMS,Flame scanner signal loss,Alarm,AIM-7500-U2,Day,R. Venkat,2024-06-10 19:06:48,2024-06-10 19:21:48,2024-06-10 19:32:48,26,CLEARED,
1141,F-020,Casting,Casting table drive fault (hydraulic pressure low),Shutdown,AIM-7500-U2,Night,R. Venkat,2024-06-10 20:16:42,,,,ACTIVE,
1126,F-005,Furnace BMS,Gas pressure low (<80 mbar),Alarm / Shutdown,AIM-7500-U2,Night,S. Nair,2024-06-10 21:59:45,2024-06-10 22:12:45,,,ACKNOWLEDGED,
1139,F-012,ILD Control,ILD metal temperature high (>740 °C),Alarm,AIM-5000-U1,Day,T. Krishnan,2024-06-10 22:26:36,2024-06-10 22:30:36,2024-06-10 22:45:36,19,CLEARED,
1131,F-012,ILD Control,ILD metal temperature high (>740 °C),Alarm,AIM-7500-U2,Afternoon,S. Nair,2024-06-11 00:24:14,2024-06-11 00:32:14,2024-06-11 00:39:14,15,CLEARED,
1140,F-030,Decoating,Afterburner temperature high trip (>900 °C),Safety Trip,AIM-5000-U1,Night,R. Venkat,2024-06-11 01:43:15,2024-06-11 01:54:15,2024-06-11 02:08:15,25,CLEARED,
1134,F-031,Decoating,Drum drive overload trip,Alarm,AIM-10000-U3,Afternoon,S. Nair,2024-06-11 02:09:04,2024-06-11 02:15:04,2024-06-11 02:41:04,32,CLEARED,
1143,F-031,Decoating,Drum drive overload trip,Alarm,AIM-7500-U2,Day,M. Selvam,2024-06-11 04:16:29,2024-06-11 04:21:29,2024-06-11 04:50:29,34,CLEARED,
1129,F-021,Casting,Cooling water flow low (<80% setpoint),Safety Trip,AIM-5000-U1,Night,T. Krishnan,2024-06-11 05:19:53,2024-06-11 05:31:53,2024-06-11 06:07:53,48,CLEARED,
1152,F-030,Decoating,Afterburner temperature high trip (>900 °C),Safety Trip,AIM-7500-U2,Afternoon,R. Venkat,2024-06-11 06:16:34,,,,ACTIVE,
1156,F-004,Furnace BMS,Combustion air fan trip (overload or phase loss),Shutdown,AIM-7500-U2,Afternoon,R. Venkat,2024-06-11 09:15:56,2024-06-11 09:23:56,2024-06-11 09:57:56,42,CLEARED,
1149,F-010,ILD Control,ILD rotor drive inverter fault,Alarm,AIM-10000-U3,Night,M. Selvam,2024-06-11 12:08:50,2024-06-11 12:15:50,2024-06-11 12:53:50,45,CLEARED,
1151,F-005,Furnace BMS,Gas pressure low (<80 mbar),Alarm / Shutdown,AIM-10000-U3,Night,K. Rajan,2024-06-11 13:55:43,2024-06-11 14:03:43,2024-06-11 15:02:43,67,CLEARED,
1157,F-051,Homo. Furnace,Homogenisation furnace over-temperature (>600 °C),Safety Trip,AIM-5000-U1,Night,T. Krishnan,2024-06-11 19:37:47,2024-06-11 19:45:47,2024-06-11 20:31:47,54,CLEARED,
1150,F-020,Casting,Casting table drive fault (hydraulic pressure low),Shutdown,AIM-5000-U1,Night,K. Rajan,2024-06-11 21:51:18,2024-06-11 21:58:18,2024-06-11 22:54:18,63,CLEARED,
1144,F-023,Casting,Mould lubrication oil flow low,Alarm,AIM-10000-U3,Night,P. Arumugam,2024-06-12 00:18:44,2024-06-12 00:33:44,,,ACKNOWLEDGED,
1153,F-020,Casting,Casting table drive fault (hydraulic pressure low),Shutdown,AIM-10000-U3,Day,S. Nair,2024-06-12 00:24:52,2024-06-12 00:31:52,2024-06-12 00:42:52,18,CLEARED,
1145,F-001,Furnace BMS,Burner 1/2/3 ignition failure after 3 attempts,Alarm / Shutdown,AIM-10000-U3,Night,P. Arumugam,2024-06-12 00:55:43,2024-06-12 00:57:43,2024-06-12 01:40:43,45,CLEARED,
1146,F-012,ILD Control,ILD metal temperature high (>740 °C),Alarm,AIM-10000-U3,Night,R. Venkat,2024-06-12 01:51:22,2024-06-12 01:56:22,,,ACKNOWLEDGED,
1154,F-001,Furnace BMS,Burner 1/2/3 ignition failure after 3 attempts,Alarm / Shutdown,AIM-5000-U1,Afternoon,K. Rajan,2024-06-12 01:56:35,2024-06-12 02:07:35,,,ACKNOWLEDGED,
1147,F-005,Furnace BMS,Gas pressure low (<80 mbar),Alarm / Shutdown,AIM-7500-U2,Day,T. Krishnan,2024-06-12 02:06:57,2024-06-12 02:08:57,2024-06-12 02:32:57,26,CLEARED,
1155,F-040,General,Emergency stop activated (E-stop pressed),Safety Trip,AIM-5000-U1,Night,S. Nair,2024-06-12 04:19:41,2024-06-12 04:23:41,2024-06-12 04:30:41,11,CLEARED,
1148,F-023,Casting,Mould lubrication oil flow low,Alarm,AIM-7500-U2,Afternoon,S. Nair,2024-06-12 05:08:05,,,,INHIBITED,
1164,F-022,Casting,Metal level sensor fault (no signal),Alarm,AIM-10000-U3,Night,T. Krishnan,2024-06-12 06:11:16,,,,ACTIVE,
1167,F-001,Furnace BMS,Burner 1/2/3 ignition failure after 3 attempts,Alarm / Shutdown,AIM-7500-U2,Afternoon,S. Nair,2024-06-12 07:30:54,2024-06-12 07:42:54,2024-06-12 07:53:54,23,CLEARED,
1158,F-020,Casting,Casting table drive fault (hydraulic pressure low),Shutdown,AIM-5000-U1,Night,K. Rajan,2024-06-12 07:44:23,2024-06-12 07:53:23,,,ACKNOWLEDGED,
1168,F-003,Furnace BMS,Flame scanner signal loss,Alarm,AIM-5000-U1,Night,T. Krishnan,2024-06-12 08:20:38,,,,ACTIVE,
1161,F-011,ILD Control,N2 gas flow low (<6 Nl/min),Alarm,AIM-5000-U1,Night,M. Selvam,2024-06-12 08:53:48,2024-06-12 09:04:48,2024-06-12 09:22:48,29,CLEARED,
1166,F-050,Homo. Furnace,Walking beam drive fault,Alarm,AIM-10000-U3,Night,S. Nair,2024-06-12 13:39:02,2024-06-12 13:54:02,2024-06-12 14:41:02,62,CLEARED,
1162,F-001,Furnace BMS,Burner 1/2/3 ignition failure after 3 attempts,Alarm / Shutdown,AIM-10000-U3,Night,M. Selvam,2024-06-12 14:54:09,,,,INHIBITED,
1171,F-011,ILD Control,N2 gas flow low (<6 Nl/min),Alarm,AIM-7500-U2,Night,S. Nair,2024-06-12 19:28:56,2024-06-12 19:35:56,,,ACKNOWLEDGED,
1159,F-023,Casting,Mould lubrication oil flow low,Alarm,AIM-5000-U1,Day,S. Nair,2024-06-12 23:57:41,2024-06-13 00:05:41,2024-06-13 00:27:41,30,CLEARED,
1170,F-050,Homo. Furnace,Walking beam drive fault,Alarm,AIM-10000-U3,Afternoon,T. Krishnan,2024-06-13 01:27:06,2024-06-13 01:30:06,2024-06-13 02:29:06,62,CLEARED,
1160,F-003,Furnace BMS,Flame scanner signal loss,Alarm,AIM-7500-U2,Day,M. Selvam,2024-06-13 03:13:41,2024-06-13 03:15:41,2024-06-13 03:23:41,10,CLEARED,
1163,F-004,Furnace BMS,Combustion air fan trip (overload or phase loss),Shutdown,AIM-7500-U2,Day,T. Krishnan,2024-06-13 03:55:01,,,,ACTIVE,
1169,F-051,Homo. Furnace,Homogenisation furnace over-temperature (>600 °C),Safety Trip,AIM-10000-U3,Night,S. Nair,2024-06-13 04:20:24,,,,INHIBITED,
1165,F-004,Furnace BMS,Combustion air fan trip (overload or phase loss),Shutdown,AIM-10000-U3,Day,S. Nair,2024-06-13 05:04:30,2024-06-13 05:11:30,2024-06-13 05:48:30,44,CLEARED,
1178,F-051,Homo. Furnace,Homogenisation furnace over-temperature (>600 °C),Safety Trip,AIM-5000-U1,Day,P. Arumugam,2024-06-13 06:38:59,2024-06-13 06:51:59,2024-06-13 07:13:59,35,CLEARED,
1174,F-051,Homo. Furnace,Homogenisation furnace over-temperature (>600 °C),Safety Trip,AIM-7500-U2,Night,R. Venkat,2024-06-13 07:37:35,2024-06-13 07:49:35,2024-06-13 08:01:35,24,CLEARED,
1173,F-003,Furnace BMS,Flame scanner signal loss,Alarm,AIM-10000-U3,Night,M. Selvam,2024-06-13 08:05:27,,,,ACTIVE,
1180,F-003,Furnace BMS,Flame scanner signal loss,Alarm,AIM-5000-U1,Afternoon,T. Krishnan,2024-06-13 10:47:40,,,,INHIBITED,
1179,F-021,Casting,Cooling water flow low (<80% setpoint),Safety Trip,AIM-10000-U3,Afternoon,S. Nair,2024-06-13 16:22:00,2024-06-13 16:26:00,,,ACKNOWLEDGED,
1172,F-022,Casting,Metal level sensor fault (no signal),Alarm,AIM-10000-U3,Night,K. Rajan,2024-06-13 19:20:42,2024-06-13 19:24:42,,,ACKNOWLEDGED,
1177,F-020,Casting,Casting table drive fault (hydraulic pressure low),Shutdown,AIM-10000-U3,Afternoon,R. Venkat,2024-06-14 00:14:51,2024-06-14 00:24:51,2024-06-14 01:18:51,64,CLEARED,
1176,F-005,Furnace BMS,Gas pressure low (<80 mbar),Alarm / Shutdown,AIM-10000-U3,Night,K. Rajan,2024-06-14 03:30:14,2024-06-14 03:37:14,2024-06-14 04:36:14,66,CLEARED,
1175,F-031,Decoating,Drum drive overload trip,Alarm,AIM-10000-U3,Afternoon,M. Selvam,2024-06-14 05:03:18,2024-06-14 05:10:18,2024-06-14 05:21:18,18,CLEARED,
1182,F-003,Furnace BMS,Flame scanner signal loss,Alarm,AIM-5000-U1,Night,S. Nair,2024-06-14 07:09:10,2024-06-14 07:11:10,2024-06-14 07:59:10,50,CLEARED,
1184,F-031,Decoating,Drum drive overload trip,Alarm,AIM-10000-U3,Night,K. Rajan,2024-06-14 09:18:43,2024-06-14 09:27:43,2024-06-14 10:05:43,47,CLEARED,
1186,F-020,Casting,Casting table drive fault (hydraulic pressure low),Shutdown,AIM-10000-U3,Night,M. Selvam,2024-06-14 15:20:07,,,,ACTIVE,
1187,F-005,Furnace BMS,Gas pressure low (<80 mbar),Alarm / Shutdown,AIM-10000-U3,Night,K. Rajan,2024-06-14 18:34:45,2024-06-14 18:44:45,,,ACKNOWLEDGED,
1185,F-012,ILD Control,ILD metal temperature high (>740 °C),Alarm,AIM-7500-U2,Day,M. Selvam,2024-06-14 18:38:03,,,,ACTIVE,
1181,F-030,Decoating,Afterburner temperature high trip (>900 °C),Safety Trip,AIM-10000-U3,Night,T. Krishnan,2024-06-14 19:29:21,2024-06-14 19:35:21,,,ACKNOWLEDGED,
1183,F-031,Decoating,Drum drive overload trip,Alarm,AIM-10000-U3,Day,P. Arumugam,2024-06-14 21:38:28,2024-06-14 21:43:28,2024-06-14 22:36:28,58,CLEARED,
1191,F-031,Decoating,Drum drive overload trip,Alarm,AIM-7500-U2,Afternoon,P. Arumugam,2024-06-15 00:25:33,,,,ACTIVE,
1189,F-031,Decoating,Drum drive overload trip,Alarm,AIM-7500-U2,Day,P. Arumugam,2024-06-15 00:25:45,2024-06-15 00:31:45,2024-06-15 00:43:45,18,CLEARED,
1190,F-010,ILD Control,ILD rotor drive inverter fault,Alarm,AIM-7500-U2,Day,M. Selvam,2024-06-15 01:29:53,2024-06-15 01:36:53,2024-06-15 01:46:53,17,CLEARED,
1188,F-030,Decoating,Afterburner temperature high trip (>900 °C),Safety Trip,AIM-5000-U1,Night,T. Krishnan,2024-06-15 05:02:27,,,,ACTIVE,
1197,F-021,Casting,Cooling water flow low (<80% setpoint),Safety Trip,AIM-5000-U1,Afternoon,T. Krishnan,2024-06-15 08:41:55,,,,INHIBITED,
1192,F-022,Casting,Metal level sensor fault (no signal),Alarm,AIM-5000-U1,Night,P. Arumugam,2024-06-15 11:04:32,2024-06-15 11:14:32,2024-06-15 11:51:32,47,CLEARED,
1194,F-003,Furnace BMS,Flame scanner signal loss,Alarm,AIM-10000-U3,Night,R. Venkat,2024-06-15 11:49:40,2024-06-15 12:03:40,2024-06-15 12:44:40,55,CLEARED,
1193,F-005,Furnace BMS,Gas pressure low (<80 mbar),Alarm / Shutdown,AIM-10000-U3,Day,R. Venkat,2024-06-15 13:06:09,2024-06-15 13:10:09,,,ACKNOWLEDGED,
1199,F-011,ILD Control,N2 gas flow low (<6 Nl/min),Alarm,AIM-5000-U1,Night,R. Venkat,2024-06-15 16:38:30,2024-06-15 16:40:30,2024-06-15 17:13:30,35,CLEARED,
1196,F-002,Furnace BMS,Zone 1/2/3 over-temperature trip,Safety Trip,AIM-5000-U1,Day,P. Arumugam,2024-06-15 17:32:04,2024-06-15 17:41:04,,,ACKNOWLEDGED,
1198,F-050,Homo. Furnace,Walking beam drive fault,Alarm,AIM-5000-U1,Night,T. Krishnan,2024-06-15 18:29:37,2024-06-15 18:43:37,2024-06-15 19:35:37,66,CLEARED,
1201,F-050,Homo. Furnace,Walking beam drive fault,Alarm,AIM-7500-U2,Night,R. Venkat,2024-06-15 22:39:10,2024-06-15 22:45:10,2024-06-15 23:14:10,35,CLEARED,
1200,F-003,Furnace BMS,Flame scanner signal loss,Alarm,AIM-10000-U3,Night,S. Nair,2024-06-15 22:41:11,,,,ACTIVE,
1195,F-022,Casting,Metal level sensor fault (no signal),Alarm,AIM-10000-U3,Night,P. Arumugam,2024-06-16 02:20:09,2024-06-16 02:29:09,2024-06-16 03:02:09,42,CLEARED,
1202,F-002,Furnace BMS,Zone 1/2/3 over-temperature trip,Safety Trip,AIM-5000-U1,Afternoon,R. Venkat,2024-06-16 02:41:21,,,,ACTIVE,
1210,F-040,General,Emergency stop activated (E-stop pressed),Safety Trip,AIM-10000-U3,Night,R. Venkat,2024-06-16 07:26:23,2024-06-16 07:31:23,2024-06-16 08:04:23,38,CLEARED,
1206,F-050,Homo. Furnace,Walking beam drive fault,Alarm,AIM-7500-U2,Night,M. Selvam,2024-06-16 08:41:42,2024-06-16 08:48:42,2024-06-16 08:54:42,13,CLEARED,
1216,F-023,Casting,Mould lubrication oil flow low,Alarm,AIM-5000-U1,Afternoon,R. Venkat,2024-06-16 13:24:05,2024-06-16 13:26:05,2024-06-16 13:51:05,27,CLEARED,
1211,F-040,General,Emergency stop activated (E-stop pressed),Safety Trip,AIM-7500-U2,Day,P. Arumugam,2024-06-16 13:34:15,2024-06-16 13:48:15,,,ACKNOWLEDGED,
1215,F-003,Furnace BMS,Flame scanner signal loss,Alarm,AIM-5000-U1,Night,T. Krishnan,2024-06-16 13:52:28,2024-06-16 13:54:28,2024-06-16 14:25:28,33,CLEARED,
1213,F-005,Furnace BMS,Gas pressure low (<80 mbar),Alarm / Shutdown,AIM-5000-U1,Afternoon,T. Krishnan,2024-06-16 14:03:41,2024-06-16 14:10:41,2024-06-16 14:50:41,47,CLEARED,
1203,F-021,Casting,Cooling water flow low (<80% setpoint),Safety Trip,AIM-5000-U1,Night,K. Rajan,2024-06-16 14:46:54,2024-06-16 14:57:54,2024-06-16 15:57:54,71,CLEARED,
1214,F-004,Furnace BMS,Combustion air fan trip (overload or phase loss),Shutdown,AIM-10000-U3,Day,S. Nair,2024-06-16 15:05:48,2024-06-16 15:14:48,,,ACKNOWLEDGED,
1207,F-011,ILD Control,N2 gas flow low (<6 Nl/min),Alarm,AIM-5000-U1,Day,P. Arumugam,2024-06-16 16:49:31,2024-06-16 16:53:31,,,ACKNOWLEDGED,
1204,F-005,Furnace BMS,Gas pressure low (<80 mbar),Alarm / Shutdown,AIM-10000-U3,Afternoon,K. Rajan,2024-06-16 17:19:41,2024-06-16 17:27:41,2024-06-16 17:40:41,21,CLEARED,
1212,F-040,General,Emergency stop activated (E-stop pressed),Safety Trip,AIM-7500-U2,Day,M. Selvam,2024-06-16 20:49:18,2024-06-16 20:59:18,2024-06-16 21:37:18,48,CLEARED,
1208,F-004,Furnace BMS,Combustion air fan trip (overload or phase loss),Shutdown,AIM-10000-U3,Night,T. Krishnan,2024-06-16 22:49:34,2024-06-16 22:59:34,2024-06-16 23:06:34,17,CLEARED,
1205,F-021,Casting,Cooling water flow low (<80% setpoint),Safety Trip,AIM-10000-U3,Afternoon,R. Venkat,2024-06-16 23:24:41,2024-06-16 23:39:41,2024-06-16 23:52:41,28,CLEARED,
1209,F-005,Furnace BMS,Gas pressure low (<80 mbar),Alarm / Shutdown,AIM-10000-U3,Afternoon,M. Selvam,2024-06-17 01:24:09,2024-06-17 01:39:09,,,ACKNOWLEDGED,
1221,F-051,Homo. Furnace,Homogenisation furnace over-temperature (>600 °C),Safety Trip,AIM-7500-U2,Night,K. Rajan,2024-06-17 06:40:32,2024-06-17 06:53:32,2024-06-17 07:07:32,27,CLEARED,
1220,F-004,Furnace BMS,Combustion air fan trip (overload or phase loss),Shutdown,AIM-5000-U1,Day,S. Nair,2024-06-17 07:15:26,2024-06-17 07:26:26,2024-06-17 08:00:26,45,CLEARED,
1226,F-005,Furnace BMS,Gas pressure low (<80 mbar),Alarm / Shutdown,AIM-5000-U1,Afternoon,S. Nair,2024-06-17 07:22:34,2024-06-17 07:34:34,,,ACKNOWLEDGED,
1217,F-005,Furnace BMS,Gas pressure low (<80 mbar),Alarm / Shutdown,AIM-7500-U2,Afternoon,M. Selvam,2024-06-17 10:02:18,,,,INHIBITED,
1228,F-021,Casting,Cooling water flow low (<80% setpoint),Safety Trip,AIM-7500-U2,Night,T. Krishnan,2024-06-17 12:02:50,2024-06-17 12:04:50,,,ACKNOWLEDGED,
1222,F-023,Casting,Mould lubrication oil flow low,Alarm,AIM-5000-U1,Afternoon,P. Arumugam,2024-06-17 13:36:26,2024-06-17 13:48:26,,,ACKNOWLEDGED,
1218,F-041,General,Fume extraction fan fault,Alarm / Work Stop,AIM-5000-U1,Night,M. Selvam,2024-06-17 20:39:00,,,,INHIBITED,
1223,F-003,Furnace BMS,Flame scanner signal loss,Alarm,AIM-5000-U1,Night,S. Nair,2024-06-17 22:34:32,2024-06-17 22:44:32,2024-06-17 23:24:32,50,CLEARED,
1229,F-030,Decoating,Afterburner temperature high trip (>900 °C),Safety Trip,AIM-10000-U3,Day,P. Arumugam,2024-06-17 23:30:16,,,,ACTIVE,
1219,F-005,Furnace BMS,Gas pressure low (<80 mbar),Alarm / Shutdown,AIM-7500-U2,Day,P. Arumugam,2024-06-17 23:46:38,2024-06-17 23:49:38,2024-06-18 00:43:38,57,CLEARED,
1227,F-041,General,Fume extraction fan fault,Alarm / Work Stop,AIM-10000-U3,Night,K. Rajan,2024-06-18 02:11:51,,,,ACTIVE,
1224,F-002,Furnace BMS,Zone 1/2/3 over-temperature trip,Safety Trip,AIM-7500-U2,Day,P. Arumugam,2024-06-18 02:24:23,2024-06-18 02:26:23,,,ACKNOWLEDGED,
1225,F-012,ILD Control,ILD metal temperature high (>740 °C),Alarm,AIM-10000-U3,Afternoon,P. Arumugam,2024-06-18 05:42:40,,,,ACTIVE,
1237,F-040,General,Emergency stop activated (E-stop pressed),Safety Trip,AIM-7500-U2,Night,S. Nair,2024-06-18 07:08:04,2024-06-18 07:20:04,,,ACKNOWLEDGED,
1232,F-031,Decoating,Drum drive overload trip,Alarm,AIM-5000-U1,Afternoon,P. Arumugam,2024-06-18 08:27:38,,,,INHIBITED,
1233,F-022,Casting,Metal level sensor fault (no signal),Alarm,AIM-10000-U3,Afternoon,S. Nair,2024-06-18 09:05:20,2024-06-18 09:11:20,2024-06-18 09:44:20,39,CLEARED,
1242,F-040,General,Emergency stop activated (E-stop pressed),Safety Trip,AIM-10000-U3,Night,R. Venkat,2024-06-18 11:57:45,2024-06-18 12:00:45,2024-06-18 12:56:45,59,CLEARED,
1241,F-040,General,Emergency stop activated (E-stop pressed),Safety Trip,AIM-5000-U1,Day,K. Rajan,2024-06-18 12:39:18,2024-06-18 12:48:18,2024-06-18 13:05:18,26,CLEARED,
1231,F-040,General,Emergency stop activated (E-stop pressed),Safety Trip,AIM-10000-U3,Night,K. Rajan,2024-06-18 18:21:11,2024-06-18 18:30:11,2024-06-18 18:58:11,37,CLEARED,
1240,F-010,ILD Control,ILD rotor drive inverter fault,Alarm,AIM-5000-U1,Night,P. Arumugam,2024-06-18 21:33:24,,,,INHIBITED,
1239,F-005,Furnace BMS,Gas pressure low (<80 mbar),Alarm / Shutdown,AIM-5000-U1,Day,K. Rajan,2024-06-18 22:23:25,2024-06-18 22:29:25,,,ACKNOWLEDGED,
1238,F-002,Furnace BMS,Zone 1/2/3 over-temperature trip,Safety Trip,AIM-7500-U2,Day,T. Krishnan,2024-06-19 01:09:43,2024-06-19 01:16:43,2024-06-19 01:44:43,35,CLEARED,
1230,F-002,Furnace BMS,Zone 1/2/3 over-temperature trip,Safety Trip,AIM-7500-U2,Night,S. Nair,2024-06-19 02:21:17,,,,ACTIVE,
1235,F-020,Casting,Casting table drive fault (hydraulic pressure low),Shutdown,AIM-10000-U3,Night,P. Arumugam,2024-06-19 02:50:03,,,,ACTIVE,
1234,F-010,ILD Control,ILD rotor drive inverter fault,Alarm,AIM-7500-U2,Afternoon,S. Nair,2024-06-19 04:28:22,2024-06-19 04:41:22,2024-06-19 05:41:22,73,CLEARED,
1236,F-050,Homo. Furnace,Walking beam drive fault,Alarm,AIM-5000-U1,Afternoon,R. Venkat,2024-06-19 05:43:10,,,,INHIBITED,
1245,F-041,General,Fume extraction fan fault,Alarm / Work Stop,AIM-10000-U3,Day,T. Krishnan,2024-06-19 06:23:35,2024-06-19 06:32:35,2024-06-19 07:28:35,65,CLEARED,
1251,F-021,Casting,Cooling water flow low (<80% setpoint),Safety Trip,AIM-5000-U1,Afternoon,P. Arumugam,2024-06-19 08:16:12,2024-06-19 08:26:12,2024-06-19 08:48:12,32,CLEARED,
1246,F-003,Furnace BMS,Flame scanner signal loss,Alarm,AIM-10000-U3,Night,T. Krishnan,2024-06-19 08:19:25,,,,INHIBITED,
1252,F-051,Homo. Furnace,Homogenisation furnace over-temperature (>600 °C),Safety Trip,AIM-5000-U1,Day,R. Venkat,2024-06-19 08:32:41,2024-06-19 08:43:41,,,ACKNOWLEDGED,
1249,F-010,ILD Control,ILD rotor drive inverter fault,Alarm,AIM-5000-U1,Day,T. Krishnan,2024-06-19 10:27:32,,,,INHIBITED,
1250,F-005,Furnace BMS,Gas pressure low (<80 mbar),Alarm / Shutdown,AIM-5000-U1,Night,T. Krishnan,2024-06-19 15:10:10,2024-06-19 15:23:10,,,ACKNOWLEDGED,
1244,F-010,ILD Control,ILD rotor drive inverter fault,Alarm,AIM-5000-U1,Day,M. Selvam,2024-06-19 17:32:14,,,,ACTIVE,
1247,F-031,Decoating,Drum drive overload trip,Alarm,AIM-7500-U2,Afternoon,K. Rajan,2024-06-19 19:52:36,,,,ACTIVE,
1248,F-040,General,Emergency stop activated (E-stop pressed),Safety Trip,AIM-10000-U3,Afternoon,T. Krishnan,2024-06-19 20:43:33,2024-06-19 20:58:33,,,ACKNOWLEDGED,
1255,F-021,Casting,Cooling water flow low (<80% setpoint),Safety Trip,AIM-7500-U2,Day,R. Venkat,2024-06-19 21:15:51,2024-06-19 21:23:51,2024-06-19 21:47:51,32,CLEARED,
1243,F-003,Furnace BMS,Flame scanner signal loss,Alarm,AIM-10000-U3,Afternoon,R. Venkat,2024-06-19 23:34:18,2024-06-19 23:49:18,2024-06-20 00:04:18,30,CLEARED,
1253,F-022,Casting,Metal level sensor fault (no signal),Alarm,AIM-10000-U3,Afternoon,P. Arumugam,2024-06-20 00:02:52,2024-06-20 00:05:52,2024-06-20 00:12:52,10,CLEARED,
1254,F-011,ILD Control,N2 gas flow low (<6 Nl/min),Alarm,AIM-10000-U3,Night,R. Venkat,2024-06-20 00:26:39,2024-06-20 00:35:39,2024-06-20 01:20:39,54,CLEARED,
1261,F-001,Furnace BMS,Burner 1/2/3 ignition failure after 3 attempts,Alarm / Shutdown,AIM-10000-U3,Night,K. Rajan,2024-06-20 08:25:32,2024-06-20 08:30:32,2024-06-20 08:48:32,23,CLEARED,
1258,F-051,Homo. Furnace,Homogenisation furnace over-temperature (>600 °C),Safety Trip,AIM-5000-U1,Day,K. Rajan,2024-06-20 09:20:15,2024-06-20 09:26:15,2024-06-20 09:59:15,39,CLEARED,
1263,F-001,Furnace BMS,Burner 1/2/3 ignition failure after 3 attempts,Alarm / Shutdown,AIM-7500-U2,Night,K. Rajan,2024-06-20 09:27:08,2024-06-20 09:40:08,2024-06-20 10:08:08,41,CLEARED,
1260,F-022,Casting,Metal level sensor fault (no signal),Alarm,AIM-7500-U2,Night,S. Nair,2024-06-20 12:48:10,2024-06-20 12:58:10,2024-06-20 13:32:10,44,CLEARED,
1259,F-002,Furnace BMS,Zone 1/2/3 over-temperature trip,Safety Trip,AIM-5000-U1,Night,T. Krishnan,2024-06-20 15:24:55,2024-06-20 15:29:55,2024-06-20 16:29:55,65,CLEARED,
1262,F-002,Furnace BMS,Zone 1/2/3 over-temperature trip,Safety Trip,AIM-7500-U2,Night,T. Krishnan,2024-06-20 15:31:38,2024-06-20 15:43:38,2024-06-20 16:31:38,60,CLEARED,
1256,F-010,ILD Control,ILD rotor drive inverter fault,Alarm,AIM-5000-U1,Night,R. Venkat,2024-06-20 20:26:30,2024-06-20 20:33:30,2024-06-20 21:16:30,50,CLEARED,
1257,F-022,Casting,Metal level sensor fault (no signal),Alarm,AIM-5000-U1,Night,T. Krishnan,2024-06-21 05:55:22,,,,INHIBITED,
1270,F-041,General,Fume extraction fan fault,Alarm / Work Stop,AIM-7500-U2,Afternoon,R. Venkat,2024-06-21 06:23:21,2024-06-21 06:31:21,2024-06-21 07:13:21,50,CLEARED,
1267,F-050,Homo. Furnace,Walking beam drive fault,Alarm,AIM-7500-U2,Night,T. Krishnan,2024-06-21 07:02:02,,,,ACTIVE,
1273,F-012,ILD Control,ILD metal temperature high (>740 °C),Alarm,AIM-5000-U1,Night,P. Arumugam,2024-06-21 07:36:44,,,,ACTIVE,
1274,F-031,Decoating,Drum drive overload trip,Alarm,AIM-10000-U3,Night,R. Venkat,2024-06-21 10:26:44,2024-06-21 10:36:44,,,ACKNOWLEDGED,
1268,F-040,General,Emergency stop activated (E-stop pressed),Safety Trip,AIM-7500-U2,Day,S. Nair,2024-06-21 10:38:57,2024-06-21 10:45:57,2024-06-21 11:29:57,51,CLEARED,
1265,F-051,Homo. Furnace,Homogenisation furnace over-temperature (>600 °C),Safety Trip,AIM-5000-U1,Night,P. Arumugam,2024-06-21 14:52:39,2024-06-21 14:55:39,2024-06-21 15:08:39,16,CLEARED,
1276,F-030,Decoating,Afterburner temperature high trip (>900 °C),Safety Trip,AIM-7500-U2,Afternoon,P. Arumugam,2024-06-21 16:11:29,,,,INHIBITED,
1266,F-022,Casting,Metal level sensor fault (no signal),Alarm,AIM-10000-U3,Afternoon,S. Nair,2024-06-21 23:23:48,,,,ACTIVE,
1269,F-021,Casting,Cooling water flow low (<80% setpoint),Safety Trip,AIM-10000-U3,Afternoon,P. Arumugam,2024-06-22 00:21:32,2024-06-22 00:31:32,2024-06-22 01:07:32,46,CLEARED,
1272,F-002,Furnace BMS,Zone 1/2/3 over-temperature trip,Safety Trip,AIM-7500-U2,Day,R. Venkat,2024-06-22 00:30:10,2024-06-22 00:43:10,2024-06-22 01:27:10,57,CLEARED,
1264,F-002,Furnace BMS,Zone 1/2/3 over-temperature trip,Safety Trip,AIM-7500-U2,Afternoon,S. Nair,2024-06-22 00:35:12,2024-06-22 00:41:12,2024-06-22 00:50:12,15,CLEARED,
1277,F-020,Casting,Casting table drive fault (hydraulic pressure low),Shutdown,AIM-7500-U2,Afternoon,P. Arumugam,2024-06-22 01:30:12,,,,INHIBITED,
1271,F-001,Furnace BMS,Burner 1/2/3 ignition failure after 3 attempts,Alarm / Shutdown,AIM-10000-U3,Afternoon,M. Selvam,2024-06-22 01:30:16,,,,INHIBITED,
1275,F-002,Furnace BMS,Zone 1/2/3 over-temperature trip,Safety Trip,AIM-10000-U3,Night,T. Krishnan,2024-06-22 04:08:33,2024-06-22 04:15:33,,,ACKNOWLEDGED,
1283,F-002,Furnace BMS,Zone 1/2/3 over-temperature trip,Safety Trip,AIM-5000-U1,Day,T. Krishnan,2024-06-22 09:26:21,2024-06-22 09:29:21,2024-06-22 10:17:21,51,CLEARED,
1281,F-041,General,Fume extraction fan fault,Alarm / Work Stop,AIM-7500-U2,Day,K. Rajan,2024-06-22 12:12:52,2024-06-22 12:22:52,2024-06-22 13:11:52,59,CLEARED,
1282,F-012,ILD Control,ILD metal temperature high (>740 °C),Alarm,AIM-5000-U1,Afternoon,M. Selvam,2024-06-22 13:03:42,,,,INHIBITED,
1279,F-020,Casting,Casting table drive fault (hydraulic pressure low),Shutdown,AIM-7500-U2,Day,P. Arumugam,2024-06-22 15:07:36,2024-06-22 15:15:36,2024-06-22 15:45:36,38,CLEARED,
1285,F-022,Casting,Metal level sensor fault (no signal),Alarm,AIM-5000-U1,Afternoon,T. Krishnan,2024-06-22 15:41:03,,,,INHIBITED,
1280,F-002,Furnace BMS,Zone 1/2/3 over-temperature trip,Safety Trip,AIM-10000-U3,Night,R. Venkat,2024-06-22 15:45:05,2024-06-22 15:54:05,,,ACKNOWLEDGED,
1278,F-021,Casting,Cooling water flow low (<80% setpoint),Safety Trip,AIM-7500-U2,Night,T. Krishnan,2024-06-22 15:45:13,2024-06-22 15:54:13,2024-06-22 16:19:13,34,CLEARED,
1288,F-004,Furnace BMS,Combustion air fan trip (overload or phase loss),Shutdown,AIM-10000-U3,Afternoon,S. Nair,2024-06-22 16:18:29,,,,INHIBITED,
1284,F-010,ILD Control,ILD rotor drive inverter fault,Alarm,AIM-10000-U3,Day,P. Arumugam,2024-06-22 19:41:59,2024-06-22 19:50:59,2024-06-22 20:25:59,44,CLEARED,
1287,F-030,Decoating,Afterburner temperature high trip (>900 °C),Safety Trip,AIM-5000-U1,Day,P. Arumugam,2024-06-22 21:11:59,2024-06-22 21:26:59,2024-06-22 21:49:59,38,CLEARED,
1286,F-012,ILD Control,ILD metal temperature high (>740 °C),Alarm,AIM-7500-U2,Day,K. Rajan,2024-06-22 23:47:46,2024-06-22 23:49:46,2024-06-23 00:05:46,18,CLEARED,
1293,F-001,Furnace BMS,Burner 1/2/3 ignition failure after 3 attempts,Alarm / Shutdown,AIM-7500-U2,Afternoon,R. Venkat,2024-06-23 14:24:15,2024-06-23 14:30:15,2024-06-23 14:56:15,32,CLEARED,
1294,F-001,Furnace BMS,Burner 1/2/3 ignition failure after 3 attempts,Alarm / Shutdown,AIM-5000-U1,Night,P. Arumugam,2024-06-23 14:41:23,2024-06-23 14:43:23,2024-06-23 15:30:23,49,CLEARED,
1295,F-010,ILD Control,ILD rotor drive inverter fault,Alarm,AIM-10000-U3,Night,R. Venkat,2024-06-23 18:43:32,,,,INHIBITED,
1289,F-050,Homo. Furnace,Walking beam drive fault,Alarm,AIM-10000-U3,Night,R. Venkat,2024-06-23 20:17:12,2024-06-23 20:24:12,2024-06-23 20:39:12,22,CLEARED,
1291,F-010,ILD Control,ILD rotor drive inverter fault,Alarm,AIM-10000-U3,Night,K. Rajan,2024-06-24 01:54:40,2024-06-24 02:09:40,2024-06-24 02:41:40,47,CLEARED,
1296,F-004,Furnace BMS,Combustion air fan trip (overload or phase loss),Shutdown,AIM-5000-U1,Night,M. Selvam,2024-06-24 02:58:18,2024-06-24 03:03:18,2024-06-24 03:22:18,24,CLEARED,
1292,F-030,Decoating,Afterburner temperature high trip (>900 °C),Safety Trip,AIM-7500-U2,Night,M. Selvam,2024-06-24 03:06:11,,,,INHIBITED,
1298,F-012,ILD Control,ILD metal temperature high (>740 °C),Alarm,AIM-7500-U2,Afternoon,R. Venkat,2024-06-24 03:48:38,2024-06-24 03:51:38,2024-06-24 04:29:38,41,CLEARED,
1290,F-020,Casting,Casting table drive fault (hydraulic pressure low),Shutdown,AIM-10000-U3,Afternoon,M. Selvam,2024-06-24 04:11:00,2024-06-24 04:25:00,2024-06-24 04:48:00,37,CLEARED,
1297,F-040,General,Emergency stop activated (E-stop pressed),Safety Trip,AIM-10000-U3,Afternoon,M. Selvam,2024-06-24 05:38:23,2024-06-24 05:48:23,2024-06-24 06:23:23,45,CLEARED,
1303,F-020,Casting,Casting table drive fault (hydraulic pressure low),Shutdown,AIM-7500-U2,Afternoon,K. Rajan,2024-06-24 06:47:13,2024-06-24 06:49:13,2024-06-24 07:21:13,34,CLEARED,
1304,F-051,Homo. Furnace,Homogenisation furnace over-temperature (>600 °C),Safety Trip,AIM-7500-U2,Day,P. Arumugam,2024-06-24 07:59:57,,,,ACTIVE,
1307,F-023,Casting,Mould lubrication oil flow low,Alarm,AIM-5000-U1,Day,K. Rajan,2024-06-24 09:11:34,2024-06-24 09:15:34,2024-06-24 10:06:34,55,CLEARED,
1309,F-023,Casting,Mould lubrication oil flow low,Alarm,AIM-10000-U3,Day,K. Rajan,2024-06-24 10:17:12,,,,INHIBITED,
1305,F-031,Decoating,Drum drive overload trip,Alarm,AIM-7500-U2,Night,S. Nair,2024-06-24 11:49:08,2024-06-24 12:02:08,2024-06-24 12:48:08,59,CLEARED,
1300,F-010,ILD Control,ILD rotor drive inverter fault,Alarm,AIM-10000-U3,Afternoon,S. Nair,2024-06-24 16:54:33,2024-06-24 17:06:33,2024-06-24 17:24:33,30,CLEARED,
1306,F-040,General,Emergency stop activated (E-stop pressed),Safety Trip,AIM-10000-U3,Day,R. Venkat,2024-06-24 18:24:05,2024-06-24 18:36:05,2024-06-24 19:36:05,72,CLEARED,
1311,F-002,Furnace BMS,Zone 1/2/3 over-temperature trip,Safety Trip,AIM-10000-U3,Day,S. Nair,2024-06-24 20:38:43,2024-06-24 20:40:43,2024-06-24 21:00:43,22,CLEARED,
1308,F-021,Casting,Cooling water flow low (<80% setpoint),Safety Trip,AIM-5000-U1,Day,S. Nair,2024-06-24 20:43:46,2024-06-24 20:53:46,2024-06-24 21:22:46,39,CLEARED,
1301,F-003,Furnace BMS,Flame scanner signal loss,Alarm,AIM-5000-U1,Afternoon,S. Nair,2024-06-24 22:28:51,,,,ACTIVE,
1302,F-040,General,Emergency stop activated (E-stop pressed),Safety Trip,AIM-10000-U3,Day,S. Nair,2024-06-25 00:03:35,2024-06-25 00:17:35,2024-06-25 00:41:35,38,CLEARED,
1299,F-003,Furnace BMS,Flame scanner signal loss,Alarm,AIM-10000-U3,Afternoon,M. Selvam,2024-06-25 00:07:03,2024-06-25 00:17:03,2024-06-25 00:34:03,27,CLEARED,
1310,F-031,Decoating,Drum drive overload trip,Alarm,AIM-5000-U1,Day,K. Rajan,2024-06-25 01:49:59,2024-06-25 01:51:59,2024-06-25 02:11:59,22,CLEARED,
1320,F-002,Furnace BMS,Zone 1/2/3 over-temperature trip,Safety Trip,AIM-10000-U3,Day,S. Nair,2024-06-25 08:12:51,2024-06-25 08:25:51,2024-06-25 09:12:51,60,CLEARED,
1326,F-021,Casting,Cooling water flow low (<80% setpoint),Safety Trip,AIM-5000-U1,Night,T. Krishnan,2024-06-25 10:12:21,2024-06-25 10:23:21,,,ACKNOWLEDGED,
1317,F-012,ILD Control,ILD metal temperature high (>740 °C),Alarm,AIM-5000-U1,Afternoon,S. Nair,2024-06-25 13:19:54,2024-06-25 13:33:54,2024-06-25 14:07:54,48,CLEARED,
1314,F-050,Homo. Furnace,Walking beam drive fault,Alarm,AIM-10000-U3,Afternoon,M. Selvam,2024-06-25 13:26:19,2024-06-25 13:36:19,,,ACKNOWLEDGED,
1322,F-041,General,Fume extraction fan fault,Alarm / Work Stop,AIM-10000-U3,Night,P. Arumugam,2024-06-25 13:44:38,2024-06-25 13:52:38,2024-06-25 14:12:38,28,CLEARED,
1321,F-011,ILD Control,N2 gas flow low (<6 Nl/min),Alarm,AIM-5000-U1,Afternoon,K. Rajan,2024-06-25 16:19:58,,,,ACTIVE,
1316,F-050,Homo. Furnace,Walking beam drive fault,Alarm,AIM-5000-U1,Afternoon,S. Nair,2024-06-25 16:44:26,2024-06-25 16:50:26,2024-06-25 17:19:26,35,CLEARED,
1319,F-040,General,Emergency stop activated (E-stop pressed),Safety Trip,AIM-7500-U2,Night,R. Venkat,2024-06-25 17:05:34,2024-06-25 17:10:34,2024-06-25 17:18:34,13,CLEARED,
1323,F-030,Decoating,Afterburner temperature high trip (>900 °C),Safety Trip,AIM-10000-U3,Night,S. Nair,2024-06-25 20:34:41,2024-06-25 20:40:41,2024-06-25 21:08:41,34,CLEARED,
1312,F-012,ILD Control,ILD metal temperature high (>740 °C),Alarm,AIM-10000-U3,Night,M. Selvam,2024-06-25 23:13:48,2024-06-25 23:15:48,2024-06-25 23:28:48,15,CLEARED,
1315,F-031,Decoating,Drum drive overload trip,Alarm,AIM-10000-U3,Afternoon,S. Nair,2024-06-25 23:31:03,,,,INHIBITED,
1318,F-031,Decoating,Drum drive overload trip,Alarm,AIM-7500-U2,Afternoon,K. Rajan,2024-06-25 23:33:08,2024-06-25 23:39:08,2024-06-25 23:57:08,24,CLEARED,
1313,F-022,Casting,Metal level sensor fault (no signal),Alarm,AIM-7500-U2,Day,R. Venkat,2024-06-26 00:38:49,2024-06-26 00:45:49,2024-06-26 01:05:49,27,CLEARED,
1325,F-012,ILD Control,ILD metal temperature high (>740 °C),Alarm,AIM-10000-U3,Afternoon,S. Nair,2024-06-26 05:09:01,2024-06-26 05:20:01,,,ACKNOWLEDGED,
1324,F-004,Furnace BMS,Combustion air fan trip (overload or phase loss),Shutdown,AIM-7500-U2,Night,K. Rajan,2024-06-26 05:30:48,2024-06-26 05:35:48,2024-06-26 06:03:48,33,CLEARED,
1333,F-021,Casting,Cooling water flow low (<80% setpoint),Safety Trip,AIM-5000-U1,Day,K. Rajan,2024-06-26 06:32:52,2024-06-26 06:40:52,2024-06-26 07:36:52,64,CLEARED,
1332,F-001,Furnace BMS,Burner 1/2/3 ignition failure after 3 attempts,Alarm / Shutdown,AIM-10000-U3,Night,T. Krishnan,2024-06-26 06:34:35,2024-06-26 06:36:35,2024-06-26 07:14:35,40,CLEARED,
1336,F-002,Furnace BMS,Zone 1/2/3 over-temperature trip,Safety Trip,AIM-10000-U3,Day,R. Venkat,2024-06-26 08:25:24,2024-06-26 08:34:24,2024-06-26 08:42:24,17,CLEARED,
1337,F-010,ILD Control,ILD rotor drive inverter fault,Alarm,AIM-10000-U3,Day,T. Krishnan,2024-06-26 08:31:54,2024-06-26 08:45:54,2024-06-26 09:11:54,40,CLEARED,
1334,F-050,Homo. Furnace,Walking beam drive fault,Alarm,AIM-7500-U2,Night,S. Nair,2024-06-26 10:15:12,2024-06-26 10:21:12,2024-06-26 11:18:12,63,CLEARED,
1338,F-002,Furnace BMS,Zone 1/2/3 over-temperature trip,Safety Trip,AIM-7500-U2,Day,K. Rajan,2024-06-26 13:13:57,2024-06-26 13:24:57,2024-06-26 13:59:57,46,CLEARED,
1327,F-022,Casting,Metal level sensor fault (no signal),Alarm,AIM-10000-U3,Night,S. Nair,2024-06-26 14:48:52,2024-06-26 15:01:52,2024-06-26 15:47:52,59,CLEARED,
1335,F-003,Furnace BMS,Flame scanner signal loss,Alarm,AIM-7500-U2,Afternoon,K. Rajan,2024-06-26 17:25:29,2024-06-26 17:38:29,2024-06-26 17:57:29,32,CLEARED,
1330,F-001,Furnace BMS,Burner 1/2/3 ignition failure after 3 attempts,Alarm / Shutdown,AIM-5000-U1,Day,M. Selvam,2024-06-26 19:08:53,2024-06-26 19:11:53,2024-06-26 20:01:53,53,CLEARED,
1331,F-050,Homo. Furnace,Walking beam drive fault,Alarm,AIM-7500-U2,Afternoon,S. Nair,2024-06-26 20:23:03,2024-06-26 20:35:03,2024-06-26 21:19:03,56,CLEARED,
1344,F-020,Casting,Casting table drive fault (hydraulic pressure low),Shutdown,AIM-5000-U1,Afternoon,T. Krishnan,2024-06-26 20:31:14,2024-06-26 20:39:14,2024-06-26 21:11:14,40,CLEARED,
1342,F-003,Furnace BMS,Flame scanner signal loss,Alarm,AIM-7500-U2,Day,K. Rajan,2024-06-26 22:47:22,,,,ACTIVE,
1339,F-020,Casting,Casting table drive fault (hydraulic pressure low),Shutdown,AIM-7500-U2,Day,M. Selvam,2024-06-26 23:36:42,,,,ACTIVE,
1341,F-012,ILD Control,ILD metal temperature high (>740 °C),Alarm,AIM-7500-U2,Afternoon,M. Selvam,2024-06-27 00:53:54,2024-06-27 01:03:54,2024-06-27 01:29:54,36,CLEARED,
1343,F-022,Casting,Metal level sensor fault (no signal),Alarm,AIM-7500-U2,Night,K. Rajan,2024-06-27 01:49:39,,,,INHIBITED,
1329,F-051,Homo. Furnace,Homogenisation furnace over-temperature (>600 °C),Safety Trip,AIM-5000-U1,Afternoon,K. Rajan,2024-06-27 02:03:33,,,,ACTIVE,
1340,F-005,Furnace BMS,Gas pressure low (<80 mbar),Alarm / Shutdown,AIM-7500-U2,Day,T. Krishnan,2024-06-27 04:52:25,,,,INHIBITED,
1328,F-010,ILD Control,ILD rotor drive inverter fault,Alarm,AIM-10000-U3,Night,M. Selvam,2024-06-27 05:50:22,2024-06-27 06:03:22,,,ACKNOWLEDGED,
1347,F-004,Furnace BMS,Combustion air fan trip (overload or phase loss),Shutdown,AIM-5000-U1,Day,K. Rajan,2024-06-27 08:00:19,2024-06-27 08:14:19,2024-06-27 08:36:19,36,CLEARED,
1349,F-051,Homo. Furnace,Homogenisation furnace over-temperature (>600 °C),Safety Trip,AIM-5000-U1,Night,S. Nair,2024-06-27 08:38:38,2024-06-27 08:53:38,2024-06-27 09:22:38,44,CLEARED,
1350,F-030,Decoating,Afterburner temperature high trip (>900 °C),Safety Trip,AIM-10000-U3,Day,R. Venkat,2024-06-27 08:46:57,2024-06-27 08:51:57,2024-06-27 09:32:57,46,CLEARED,
1345,F-030,Decoating,Afterburner temperature high trip (>900 °C),Safety Trip,AIM-10000-U3,Day,K. Rajan,2024-06-27 08:49:39,2024-06-27 08:54:39,,,ACKNOWLEDGED,
1346,F-020,Casting,Casting table drive fault (hydraulic pressure low),Shutdown,AIM-7500-U2,Night,P. Arumugam,2024-06-27 10:24:45,2024-06-27 10:28:45,2024-06-27 11:20:45,56,CLEARED,
1351,F-030,Decoating,Afterburner temperature high trip (>900 °C),Safety Trip,AIM-5000-U1,Day,M. Selvam,2024-06-27 11:08:17,2024-06-27 11:17:17,,,ACKNOWLEDGED,
1352,F-031,Decoating,Drum drive overload trip,Alarm,AIM-7500-U2,Day,R. Venkat,2024-06-27 14:26:19,2024-06-27 14:29:19,2024-06-27 14:57:19,31,CLEARED,
1354,F-030,Decoating,Afterburner temperature high trip (>900 °C),Safety Trip,AIM-10000-U3,Afternoon,M. Selvam,2024-06-27 16:28:21,2024-06-27 16:43:21,2024-06-27 17:43:21,75,CLEARED,
1355,F-021,Casting,Cooling water flow low (<80% setpoint),Safety Trip,AIM-5000-U1,Night,P. Arumugam,2024-06-27 16:38:44,2024-06-27 16:45:44,,,ACKNOWLEDGED,
1362,F-002,Furnace BMS,Zone 1/2/3 over-temperature trip,Safety Trip,AIM-5000-U1,Day,M. Selvam,2024-06-27 17:44:57,2024-06-27 17:55:57,2024-06-27 18:40:57,56,CLEARED,
1357,F-020,Casting,Casting table drive fault (hydraulic pressure low),Shutdown,AIM-5000-U1,Afternoon,T. Krishnan,2024-06-27 18:23:07,,,,INHIBITED,
1348,F-010,ILD Control,ILD rotor drive inverter fault,Alarm,AIM-5000-U1,Day,P. Arumugam,2024-06-27 19:28:35,2024-06-27 19:36:35,2024-06-27 19:47:35,19,CLEARED,
1361,F-003,Furnace BMS,Flame scanner signal loss,Alarm,AIM-10000-U3,Night,T. Krishnan,2024-06-27 20:38:30,2024-06-27 20:48:30,2024-06-27 21:25:30,47,CLEARED,
1359,F-011,ILD Control,N2 gas flow low (<6 Nl/min),Alarm,AIM-7500-U2,Afternoon,S. Nair,2024-06-27 20:51:18,2024-06-27 20:54:18,2024-06-27 21:51:18,60,CLEARED,
1353,F-041,General,Fume extraction fan fault,Alarm / Work Stop,AIM-5000-U1,Night,P. Arumugam,2024-06-28 01:39:12,2024-06-28 01:43:12,2024-06-28 02:07:12,28,CLEARED,
1360,F-005,Furnace BMS,Gas pressure low (<80 mbar),Alarm / Shutdown,AIM-10000-U3,Night,S. Nair,2024-06-28 02:19:15,2024-06-28 02:23:15,,,ACKNOWLEDGED,
1358,F-010,ILD Control,ILD rotor drive inverter fault,Alarm,AIM-10000-U3,Night,R. Venkat,2024-06-28 03:49:35,,,,ACTIVE,
1356,F-021,Casting,Cooling water flow low (<80% setpoint),Safety Trip,AIM-5000-U1,Night,S. Nair,2024-06-28 05:44:40,2024-06-28 05:55:40,2024-06-28 06:50:40,66,CLEARED,
1367,F-031,Decoating,Drum drive overload trip,Alarm,AIM-5000-U1,Night,P. Arumugam,2024-06-28 08:07:53,,,,INHIBITED,
1380,F-021,Casting,Cooling water flow low (<80% setpoint),Safety Trip,AIM-7500-U2,Day,S. Nair,2024-06-28 10:11:20,2024-06-28 10:22:20,2024-06-28 10:30:20,19,CLEARED,
1372,F-010,ILD Control,ILD rotor drive inverter fault,Alarm,AIM-10000-U3,Day,S. Nair,2024-06-28 11:40:42,2024-06-28 11:42:42,2024-06-28 12:34:42,54,CLEARED,
1363,F-023,Casting,Mould lubrication oil flow low,Alarm,AIM-10000-U3,Afternoon,R. Venkat,2024-06-28 11:41:39,,,,ACTIVE,
1369,F-040,General,Emergency stop activated (E-stop pressed),Safety Trip,AIM-10000-U3,Day,K. Rajan,2024-06-28 16:04:19,,,,ACTIVE,
1371,F-010,ILD Control,ILD rotor drive inverter fault,Alarm,AIM-5000-U1,Night,R. Venkat,2024-06-28 16:35:27,,,,INHIBITED,
1364,F-030,Decoating,Afterburner temperature high trip (>900 °C),Safety Trip,AIM-5000-U1,Night,M. Selvam,2024-06-28 16:50:27,,,,ACTIVE,
1373,F-031,Decoating,Drum drive overload trip,Alarm,AIM-10000-U3,Day,T. Krishnan,2024-06-28 18:00:45,2024-06-28 18:06:45,,,ACKNOWLEDGED,
1376,F-023,Casting,Mould lubrication oil flow low,Alarm,AIM-7500-U2,Afternoon,T. Krishnan,2024-06-28 20:39:11,2024-06-28 20:52:11,2024-06-28 21:48:11,69,CLEARED,
1368,F-022,Casting,Metal level sensor fault (no signal),Alarm,AIM-5000-U1,Night,R. Venkat,2024-06-28 20:50:13,2024-06-28 20:57:13,2024-06-28 21:32:13,42,CLEARED,
1379,F-010,ILD Control,ILD rotor drive inverter fault,Alarm,AIM-10000-U3,Day,S. Nair,2024-06-28 21:40:34,2024-06-28 21:52:34,2024-06-28 22:08:34,28,CLEARED,
1375,F-041,General,Fume extraction fan fault,Alarm / Work Stop,AIM-10000-U3,Day,P. Arumugam,2024-06-28 22:40:20,2024-06-28 22:51:20,2024-06-28 23:21:20,41,CLEARED,
1374,F-004,Furnace BMS,Combustion air fan trip (overload or phase loss),Shutdown,AIM-5000-U1,Night,R. Venkat,2024-06-28 23:11:23,2024-06-28 23:20:23,,,ACKNOWLEDGED,
1370,F-022,Casting,Metal level sensor fault (no signal),Alarm,AIM-10000-U3,Day,T. Krishnan,2024-06-29 02:06:43,2024-06-29 02:19:43,2024-06-29 02:39:43,33,CLEARED,
1377,F-003,Furnace BMS,Flame scanner signal loss,Alarm,AIM-7500-U2,Day,M. Selvam,2024-06-29 03:08:20,,,,ACTIVE,
1366,F-040,General,Emergency stop activated (E-stop pressed),Safety Trip,AIM-7500-U2,Day,P. Arumugam,2024-06-29 03:37:44,2024-06-29 03:44:44,2024-06-29 03:50:44,13,CLEARED,
1378,F-023,Casting,Mould lubrication oil flow low,Alarm,AIM-10000-U3,Night,S. Nair,2024-06-29 04:09:32,2024-06-29 04:20:32,2024-06-29 04:33:32,24,CLEARED,
1365,F-050,Homo. Furnace,Walking beam drive fault,Alarm,AIM-7500-U2,Night,S. Nair,2024-06-29 05:33:35,2024-06-29 05:44:35,2024-06-29 06:03:35,30,CLEARED,
1388,F-031,Decoating,Drum drive overload trip,Alarm,AIM-5000-U1,Afternoon,P. Arumugam,2024-06-29 11:39:08,2024-06-29 11:54:08,2024-06-29 12:12:08,33,CLEARED,
1387,F-012,ILD Control,ILD metal temperature high (>740 °C),Alarm,AIM-10000-U3,Afternoon,R. Venkat,2024-06-29 12:51:47,2024-06-29 12:58:47,2024-06-29 13:58:47,67,CLEARED,
1383,F-020,Casting,Casting table drive fault (hydraulic pressure low),Shutdown,AIM-10000-U3,Afternoon,S. Nair,2024-06-29 13:34:18,2024-06-29 13:43:18,,,ACKNOWLEDGED,
1389,F-051,Homo. Furnace,Homogenisation furnace over-temperature (>600 °C),Safety Trip,AIM-7500-U2,Night,T. Krishnan,2024-06-29 14:38:34,2024-06-29 14:51:34,,,ACKNOWLEDGED,
1386,F-012,ILD Control,ILD metal temperature high (>740 °C),Alarm,AIM-5000-U1,Night,K. Rajan,2024-06-29 15:55:02,2024-06-29 16:02:02,2024-06-29 17:02:02,67,CLEARED,
1381,F-011,ILD Control,N2 gas flow low (<6 Nl/min),Alarm,AIM-7500-U2,Night,R. Venkat,2024-06-29 18:35:32,2024-06-29 18:43:32,2024-06-29 19:31:32,56,CLEARED,
1382,F-040,General,Emergency stop activated (E-stop pressed),Safety Trip,AIM-5000-U1,Night,K. Rajan,2024-06-29 21:10:05,2024-06-29 21:24:05,2024-06-29 22:17:05,67,CLEARED,
1384,F-051,Homo. Furnace,Homogenisation furnace over-temperature (>600 °C),Safety Trip,AIM-10000-U3,Night,T. Krishnan,2024-06-29 22:07:36,,,,ACTIVE,
1390,F-020,Casting,Casting table drive fault (hydraulic pressure low),Shutdown,AIM-7500-U2,Day,P. Arumugam,2024-06-29 22:57:43,2024-06-29 23:01:43,2024-06-29 23:54:43,57,CLEARED,
1385,F-002,Furnace BMS,Zone 1/2/3 over-temperature trip,Safety Trip,AIM-5000-U1,Afternoon,R. Venkat,2024-06-30 05:28:34,2024-06-30 05:36:34,,,ACKNOWLEDGED,
1402,F-040,General,Emergency stop activated (E-stop pressed),Safety Trip,AIM-7500-U2,Afternoon,M. Selvam,2024-06-30 06:00:44,2024-06-30 06:03:44,,,ACKNOWLEDGED,
1401,F-004,Furnace BMS,Combustion air fan trip (overload or phase loss),Shutdown,AIM-10000-U3,Day,T. Krishnan,2024-06-30 06:13:30,,,,ACTIVE,
1398,F-040,General,Emergency stop activated (E-stop pressed),Safety Trip,AIM-5000-U1,Afternoon,P. Arumugam,2024-06-30 06:27:12,,,,INHIBITED,
1397,F-002,Furnace BMS,Zone 1/2/3 over-temperature trip,Safety Trip,AIM-5000-U1,Day,S. Nair,2024-06-30 07:06:40,2024-06-30 07:15:40,2024-06-30 07:21:40,15,CLEARED,
1403,F-041,General,Fume extraction fan fault,Alarm / Work Stop,AIM-5000-U1,Day,P. Arumugam,2024-06-30 08:14:24,,,,ACTIVE,
1405,F-005,Furnace BMS,Gas pressure low (<80 mbar),Alarm / Shutdown,AIM-10000-U3,Day,S. Nair,2024-06-30 08:33:36,,,,ACTIVE,
1395,F-023,Casting,Mould lubrication oil flow low,Alarm,AIM-5000-U1,Night,P. Arumugam,2024-06-30 08:50:34,2024-06-30 08:58:34,2024-06-30 09:55:34,65,CLEARED,
1407,F-003,Furnace BMS,Flame scanner signal loss,Alarm,AIM-10000-U3,Night,P. Arumugam,2024-06-30 09:08:48,,,,ACTIVE,
1399,F-010,ILD Control,ILD rotor drive inverter fault,Alarm,AIM-10000-U3,Afternoon,M. Selvam,2024-06-30 14:05:41,2024-06-30 14:08:41,2024-06-30 14:36:41,31,CLEARED,
1404,F-023,Casting,Mould lubrication oil flow low,Alarm,AIM-5000-U1,Afternoon,R. Venkat,2024-06-30 15:08:24,2024-06-30 15:22:24,2024-06-30 16:22:24,74,CLEARED,
1396,F-022,Casting,Metal level sensor fault (no signal),Alarm,AIM-7500-U2,Night,R. Venkat,2024-06-30 15:21:35,2024-06-30 15:32:35,2024-06-30 16:31:35,70,CLEARED,
1408,F-031,Decoating,Drum drive overload trip,Alarm,AIM-5000-U1,Day,T. Krishnan,2024-06-30 16:50:08,2024-06-30 17:02:08,,,ACKNOWLEDGED,
1393,F-003,Furnace BMS,Flame scanner signal loss,Alarm,AIM-7500-U2,Night,P. Arumugam,2024-06-30 18:32:47,2024-06-30 18:39:47,,,ACKNOWLEDGED,
1400,F-002,Furnace BMS,Zone 1/2/3 over-temperature trip,Safety Trip,AIM-7500-U2,Afternoon,K. Rajan,2024-06-30 18:40:19,2024-06-30 18:54:19,2024-06-30 19:13:19,33,CLEARED,
1392,F-030,Decoating,Afterburner temperature high trip (>900 °C),Safety Trip,AIM-7500-U2,Night,K. Rajan,2024-06-30 21:09:36,2024-06-30 21:21:36,2024-06-30 21:52:36,43,CLEARED,
1391,F-005,Furnace BMS,Gas pressure low (<80 mbar),Alarm / Shutdown,AIM-7500-U2,Day,R. Venkat,2024-07-01 04:55:08,2024-07-01 05:08:08,,,ACKNOWLEDGED,
1394,F-001,Furnace BMS,Burner 1/2/3 ignition failure after 3 attempts,Alarm / Shutdown,AIM-10000-U3,Afternoon,R. Venkat,2024-07-01 05:05:46,,,,INHIBITED,
1406,F-023,Casting,Mould lubrication oil flow low,Alarm,AIM-10000-U3,Night,M. Selvam,2024-07-01 05:13:40,2024-07-01 05:21:40,2024-07-01 06:05:40,52,CLEARED,
